"Ticker","Sector","Market Cap","Return on Equity","LT Debt/Equity","Gross Margin","Operating Margin","Profit Margin","Performance (Quarter)","Performance (Half Year)","Performance (Year)"
"A","Healthcare",15296.15,11.50%,0.38,52.00%,14.30%,11.70%,2.76%,19.86%,32.94%
"AA","Basic Materials",13324.80,-4.70%,0.67,18.20%,1.80%,-2.70%,3.25%,1.48%,7.27%
"AAL","Services",19204.19,143.90%,4.90,36.20%,15.30%,16.50%,17.21%,-12.78%,-9.70%
"AAP","Services",11691.37,17.80%,0.43,45.00%,8.30%,4.80%,5.59%,4.73%,-8.33%
"AAPL","Consumer Goods",586380.66,37.90%,0.54,39.50%,28.50%,21.70%,9.82%,6.97%,-0.31%
"ABBV","Healthcare",104275.80,119.80%,6.62,78.60%,35.00%,23.10%,2.97%,15.79%,8.15%
"ABC","Services",20732.02,109.80%,2.02,2.90%,1.20%,1.10%,14.81%,0.08%,-11.17%
"ABT","Healthcare",62180.82,10.90%,0.29,56.90%,14.00%,11.10%,8.12%,8.75%,-2.30%
"ACN","Technology",74866.72,58.20%,0.00,29.60%,15.40%,11.10%,-3.29%,14.05%,23.46%
"ADBE","Technology",51782.31,12.70%,0.26,85.10%,22.40%,16.90%,4.49%,21.69%,32.24%
"ADI","Technology",19389.58,13.30%,0.35,64.80%,23.00%,19.50%,11.35%,13.35%,17.78%
"ADM","Consumer Goods",25097.47,8.30%,0.31,5.60%,2.10%,2.40%,1.03%,19.75%,3.35%
"ADP","Technology",41343.48,33.50%,0.45,43.20%,19.00%,12.80%,3.71%,6.30%,19.48%
"ADS","Services",12302.24,26.20%,5.44,41.40%,19.50%,7.20%,-7.31%,-4.57%,-18.25%
"ADSK","Technology",15179.83,-23.00%,1.12,84.30%,-10.50%,-15.20%,15.92%,16.92%,48.04%
"AEE","Utilities",12047.52,9.00%,0.95,85.50%,21.80%,10.40%,0.24%,6.27%,31.44%
"AEP","Utilities",31670.76,11.00%,0.95,82.50%,19.90%,12.50%,0.13%,4.92%,26.75%
"AES","Utilities",8059.57,-8.20%,6.93,18.20%,4.10%,-1.90%,8.34%,14.42%,11.24%
"AET","Healthcare",40995.58,14.50%,1.13,,7.60%,3.90%,-4.34%,6.88%,2.27%
"AFL","Financial",30255.25,13.30%,0.22,,19.50%,12.00%,7.29%,23.62%,31.86%
"AGN","Healthcare",94140.96,5.70%,0.52,78.70%,-16.50%,27.00%,-4.55%,-18.18%,-20.67%
"AIG","Financial",63607.84,-0.40%,0.37,,1.20%,-0.60%,5.08%,15.03%,2.83%
"AIV","Financial",7165.10,22.20%,2.35,64.40%,26.00%,33.40%,15.95%,20.57%,32.79%
"AIZ","Financial",5616.99,9.80%,0.25,,7.80%,5.00%,7.17%,24.28%,26.45%
"AKAM","Technology",9621.89,10.40%,0.20,65.80%,20.40%,14.30%,1.47%,0.00%,-24.47%
"ALB","Basic Materials",9207.30,4.70%,0.96,35.70%,21.10%,4.80%,1.62%,40.62%,95.37%
"ALK","Services",8406.88,36.90%,0.19,46.30%,24.40%,15.90%,5.04%,-10.90%,-11.33%
"ALL","Financial",25759.72,8.30%,0.27,,6.60%,4.20%,2.46%,7.07%,21.29%
"ALLE","Services",6934.96,311.90%,10.32,43.80%,13.50%,9.10%,6.80%,14.44%,21.91%
"ALXN","Healthcare",28172.03,1.10%,0.39,91.80%,21.70%,3.20%,-20.21%,-17.33%,-29.44%
"AMAT","Technology",32740.41,20.60%,0.49,41.10%,18.20%,14.60%,24.63%,55.64%,94.11%
"AME","Industrial Goods",11337.43,17.10%,0.46,35.90%,22.40%,14.50%,2.10%,2.44%,-6.22%
"AMG","Financial",7532.33,17.20%,0.73,,33.40%,21.10%,-19.96%,-7.34%,-20.90%
"AMGN","Healthcare",127319.01,25.90%,0.93,81.40%,40.70%,33.10%,6.60%,16.68%,16.57%
"AMP","Financial",17016.81,20.00%,0.73,47.40%,18.20%,12.50%,-0.10%,14.45%,-4.94%
"AMT","Financial",48428.72,10.30%,2.72,70.80%,32.10%,13.20%,7.89%,21.57%,29.02%
"AMZN","Services",365333.22,13.50%,0.50,34.40%,3.20%,1.60%,6.29%,37.25%,53.04%
"AN","Services",4902.30,19.10%,0.81,15.60%,4.10%,2.00%,-1.43%,-8.48%,-16.47%
"ANTM","Healthcare",32675.12,9.90%,0.59,,6.10%,2.80%,-5.73%,-5.81%,-11.44%
"AON","Financial",29574.22,25.80%,1.11,,17.10%,12.70%,2.77%,13.77%,24.16%
"APA","Basic Materials",19438.91,-200.80%,1.22,68.50%,,,-7.36%,1.45%,21.30%
"APC","Basic Materials",28809.90,-41.80%,1.39,74.70%,-82.00%,-71.10%,6.02%,25.38%,-17.85%
"APD","Basic Materials",34025.69,8.10%,0.56,32.20%,21.20%,6.10%,8.60%,17.80%,15.36%
"APH","Technology",19287.16,23.10%,0.80,31.90%,19.10%,13.00%,5.58%,10.85%,21.62%
"ATVI","Technology",31252.99,9.00%,0.58,63.40%,21.20%,13.80%,13.35%,39.28%,50.87%
"AVB","Financial",24141.54,8.10%,0.69,66.40%,30.20%,40.40%,3.87%,-1.17%,10.74%
"AVGO","Technology",70042.04,-2.50%,0.74,43.90%,2.60%,-2.40%,6.64%,21.41%,41.65%
"AVY","Consumer Goods",6962.27,31.30%,1.01,27.80%,7.20%,5.20%,3.36%,16.27%,37.73%
"AWK","Utilities",13314.40,9.60%,1.14,,34.00%,15.10%,-0.90%,12.16%,46.27%
"AXP","Financial",61148.22,26.30%,2.45,71.80%,24.90%,15.90%,-0.64%,11.59%,-11.81%
"AYI","Technology",12028.60,18.20%,0.22,43.40%,14.50%,8.60%,8.76%,27.40%,40.15%
"AZO","Services",21770.25,-68.60%,,52.60%,19.20%,11.50%,-2.17%,-4.05%,1.36%
"BA","Industrial Goods",83457.11,83.90%,16.83,13.60%,5.30%,3.80%,0.26%,8.48%,3.34%
"BAC","Financial",164057.12,5.30%,0.88,,71.00%,26.10%,10.71%,19.21%,1.86%
"BAX","Healthcare",25361.44,56.10%,0.25,39.00%,-13.50%,47.70%,5.55%,16.90%,26.38%
"BBBY","Services",7088.32,31.50%,0.59,38.00%,11.20%,6.70%,2.20%,-11.07%,-25.64%
"BBT","Financial",31340.91,8.20%,0.92,,81.30%,30.00%,5.48%,13.87%,8.91%
"BBY","Services",12489.90,23.20%,0.31,23.50%,4.20%,2.60%,24.84%,16.41%,10.39%
"BCR","Healthcare",16270.00,21.40%,1.01,62.50%,14.10%,9.10%,-0.03%,14.25%,16.76%
"BDX","Healthcare",37692.91,15.10%,1.31,43.50%,13.20%,9.20%,4.72%,20.26%,32.11%
"BEN","Financial",20659.73,13.60%,0.18,,36.20%,23.30%,1.57%,-4.98%,-7.41%
"BF-B","Consumer Goods",19381.77,74.00%,1.47,69.00%,49.80%,34.60%,-1.63%,-0.65%,0.14%
"BHI","Basic Materials",21322.27,-19.60%,0.21,-0.50%,-22.40%,-25.10%,0.89%,7.66%,-7.88%
"BIIB","Healthcare",68707.57,36.60%,0.57,88.20%,47.90%,34.00%,8.19%,16.35%,3.97%
"BK","Financial",44276.45,8.50%,0.65,,83.80%,88.40%,-1.27%,10.10%,7.93%
"BLK","Financial",60545.01,11.10%,0.17,89.10%,40.10%,28.10%,3.89%,15.85%,27.72%
"BLL","Consumer Goods",13912.24,17.60%,2.21,20.20%,4.90%,4.00%,8.74%,20.34%,22.72%
"BMY","Healthcare",94838.17,19.60%,0.44,75.70%,20.80%,16.30%,-23.75%,-14.29%,-1.85%
"BRK-B","Financial",351980.94,,,,,,6.28%,8.65%,14.05%
"BSX","Healthcare",33106.89,-5.40%,0.83,71.10%,-7.70%,-4.30%,6.64%,39.99%,46.76%
"BWA","Consumer Goods",7572.30,16.70%,0.58,21.00%,11.30%,7.10%,2.52%,-0.25%,-17.08%
"BXP","Financial",21866.10,10.70%,1.80,64.40%,34.80%,23.60%,12.57%,21.18%,31.09%
"C","Financial",138529.65,6.70%,0.88,,67.00%,24.20%,4.25%,12.02%,-7.64%
"CA","Technology",14206.63,14.00%,0.36,85.40%,27.70%,18.90%,5.31%,16.67%,28.84%
"CAG","Consumer Goods",20218.91,-19.30%,1.32,27.10%,7.70%,-5.90%,1.28%,10.07%,14.45%
"CAH","Services",25391.61,21.60%,0.76,5.40%,2.00%,1.20%,-0.26%,-4.23%,0.24%
"CAT","Industrial Goods",47715.13,7.20%,1.57,27.30%,4.50%,2.60%,7.93%,11.38%,14.53%
"CBG","Financial",10031.53,19.50%,0.92,31.20%,5.90%,4.30%,-1.57%,7.94%,-7.96%
"CBS","Services",23147.56,28.40%,1.53,40.60%,18.80%,11.10%,-3.08%,1.00%,20.67%
"CCE","Consumer Goods",18506.46,57.80%,3.75,37.10%,12.00%,8.20%,-1.29%,11.08%,6.86%
"CCI","Technology",32426.01,4.70%,1.77,63.90%,22.90%,8.90%,4.23%,13.59%,21.55%
"CCL","Services",36000.03,9.50%,0.36,42.30%,18.40%,14.00%,-0.72%,0.01%,-3.53%
"CELG","Healthcare",82448.87,35.10%,2.58,95.70%,27.10%,18.90%,-2.01%,1.19%,-10.34%
"CERN","Technology",21954.44,16.10%,0.13,83.40%,19.30%,13.50%,17.34%,23.11%,6.51%
"CF","Basic Materials",6051.80,4.70%,1.39,28.40%,12.70%,4.60%,-15.55%,-27.96%,-52.57%
"CFG","Financial",12737.35,4.60%,0.59,,79.60%,22.20%,5.72%,15.86%,2.73%
"CHD","Consumer Goods",12847.79,22.70%,0.35,45.40%,20.60%,13.10%,1.70%,11.04%,17.95%
"CHK","Basic Materials",4856.02,860.90%,,61.90%,,-91.80%,44.42%,26.20%,-11.29%
"CHRW","Services",10129.58,44.60%,0.40,17.80%,6.80%,4.10%,-1.99%,0.81%,7.24%
"CI","Healthcare",32748.71,16.10%,0.36,,8.10%,5.10%,-1.12%,-8.72%,-9.46%
"CINF","Financial",12715.24,9.70%,0.12,,17.90%,12.10%,12.98%,23.01%,53.20%
"CL","Consumer Goods",66944.17,-806.30%,,59.50%,18.10%,9.00%,4.79%,12.03%,21.73%
"CLX","Consumer Goods",17089.98,296.00%,6.05,45.10%,17.10%,11.20%,2.65%,8.19%,21.45%
"CMA","Financial",8231.34,5.40%,0.77,,79.10%,22.20%,3.39%,26.00%,13.49%
"CMCSA","Services",158915.01,15.50%,0.99,70.60%,21.20%,10.70%,4.80%,13.19%,19.77%
"CME","Financial",36833.72,6.40%,0.11,,60.60%,38.20%,12.83%,17.44%,22.12%
"CMG","Services",12072.60,11.20%,0.00,25.40%,8.20%,5.20%,-8.28%,-23.47%,-43.67%
"CMI","Industrial Goods",21295.81,17.50%,0.24,25.70%,10.00%,7.00%,9.36%,22.09%,9.02%
"CMS","Utilities",11770.64,13.50%,2.07,64.10%,19.20%,8.80%,-0.06%,5.84%,34.25%
"CNC","Healthcare",11703.76,9.50%,0.66,,2.70%,1.20%,2.96%,17.48%,14.67%
"CNP","Utilities",9745.68,-20.70%,2.29,,13.20%,-10.70%,-0.78%,17.63%,32.81%
"COF","Financial",36658.19,7.90%,0.79,,66.00%,17.40%,-1.07%,4.27%,-3.73%
"COG","Basic Materials",11377.50,-9.70%,0.53,50.00%,-26.00%,-21.60%,-0.33%,9.20%,4.65%
"COH","Consumer Goods",10708.71,17.80%,0.32,68.00%,14.50%,10.30%,-0.60%,-1.81%,31.44%
"COL","Industrial Goods",11059.10,35.80%,0.66,30.70%,18.40%,13.50%,-3.48%,-3.76%,5.24%
"COP","Basic Materials",50940.98,-17.60%,0.73,33.20%,-39.20%,-29.30%,-9.57%,0.00%,-12.23%
"COST","Services",69323.99,21.30%,0.34,13.20%,3.10%,2.00%,4.05%,7.22%,13.69%
"CPB","Consumer Goods",17564.93,36.60%,1.40,35.30%,11.60%,7.10%,-5.57%,-6.08%,21.56%
"CRM","Technology",51429.23,4.10%,0.29,74.70%,1.90%,2.90%,-9.33%,6.54%,10.04%
"CSC","Technology",6688.62,,1.29,26.10%,,,-4.39%,61.44%,201.01%
"CSCO","Technology",160136.73,17.40%,0.39,62.90%,25.70%,21.80%,10.38%,19.43%,27.14%
"CSX","Services",26657.87,15.30%,0.85,73.10%,29.60%,16.10%,6.87%,11.67%,5.98%
"CTAS","Services",12265.48,36.70%,0.57,43.40%,15.90%,14.10%,24.85%,35.15%,41.27%
"CTL","Technology",15145.16,6.90%,1.30,56.60%,15.40%,5.50%,4.89%,-8.54%,12.59%
"CTSH","Technology",35372.00,16.10%,0.09,40.10%,17.30%,11.70%,-3.30%,2.39%,-7.16%
"CTXS","Technology",13591.50,18.70%,0.59,81.30%,13.00%,11.60%,1.01%,15.54%,28.16%
"CVS","Healthcare",100408.80,13.20%,0.74,16.60%,5.40%,2.90%,-2.14%,-3.84%,-6.10%
"CVX","Basic Materials",189047.95,-0.50%,0.27,41.30%,-6.10%,-0.70%,0.81%,13.68%,35.00%
"CXO","Basic Materials",18373.10,-17.60%,0.56,67.50%,-96.50%,-72.40%,9.11%,30.00%,23.56%
"D","Utilities",46344.25,14.70%,1.74,96.60%,31.00%,17.40%,3.69%,6.98%,14.10%
"DAL","Services",28174.86,43.30%,0.57,61.00%,19.60%,11.90%,-9.46%,-22.52%,-16.30%
"DD","Basic Materials",61329.66,21.80%,0.80,40.60%,10.50%,8.90%,2.51%,9.55%,41.93%
"DE","Industrial Goods",26416.92,22.80%,3.25,30.90%,11.10%,5.90%,-3.20%,-0.42%,7.01%
"DFS","Financial",24056.02,20.90%,2.28,,63.90%,27.30%,5.29%,24.57%,17.47%
"DG","Services",20786.95,22.90%,0.47,31.00%,9.60%,5.90%,-19.09%,-1.13%,2.83%
"DGX","Healthcare",11625.60,17.90%,0.85,38.70%,20.70%,11.00%,7.30%,20.53%,26.86%
"DHI","Industrial Goods",11749.44,13.60%,0.51,21.50%,10.90%,7.30%,2.39%,12.87%,2.14%
"DHR","Industrial Goods",56237.88,14.60%,0.48,52.80%,16.70%,15.90%,8.14%,19.07%,24.05%
"DIS","Services",151485.56,20.90%,0.34,46.40%,25.80%,16.50%,-3.72%,-4.31%,-6.15%
"DISCA","Services",10005.19,14.20%,1.46,62.80%,31.20%,11.90%,-10.35%,-7.73%,-4.54%
"DISCK","Services",6109.21,,,,,,-8.93%,-7.42%,-2.94%
"DLPH","Consumer Goods",19175.36,55.50%,1.67,19.90%,10.00%,8.10%,4.37%,0.25%,-2.63%
"DLR","Financial",14697.08,2.20%,2.05,63.60%,19.20%,3.40%,1.30%,23.71%,65.68%
"DLTR","Services",19602.32,15.80%,1.50,30.00%,7.20%,3.50%,-8.29%,8.19%,24.04%
"DNB","Technology",5021.74,-16.50%,,67.70%,18.60%,11.00%,8.16%,40.24%,34.20%
"DO","Basic Materials",2264.71,-15.00%,0.55,50.10%,-33.30%,-30.20%,-36.36%,-29.46%,-28.52%
"DOV","Industrial Goods",11259.52,14.90%,0.70,37.20%,12.20%,8.00%,4.85%,12.93%,25.54%
"DOW","Basic Materials",60623.63,36.50%,0.84,23.30%,23.10%,17.50%,1.96%,10.88%,31.27%
"DPS","Consumer Goods",17541.22,38.50%,1.36,59.80%,21.80%,13.00%,2.91%,5.92%,25.63%
"DRI","Services",7884.75,18.10%,0.23,22.30%,9.00%,5.40%,-6.61%,-2.71%,-6.94%
"DTE","Utilities",16682.80,8.40%,1.06,,12.20%,7.50%,1.45%,9.90%,26.30%
"DUK","Utilities",55285.36,6.60%,1.00,70.00%,22.40%,11.40%,1.53%,7.42%,20.94%
"DVA","Healthcare",13281.20,7.50%,1.89,28.50%,10.10%,2.50%,-15.87%,-8.67%,-14.13%
"DVN","Basic Materials",22881.39,-169.70%,2.55,83.00%,,,18.07%,85.30%,11.20%
"EA","Technology",25121.46,34.80%,0.27,69.50%,21.20%,25.90%,9.11%,31.25%,26.86%
"EBAY","Services",36275.29,29.90%,1.40,78.40%,27.10%,22.00%,34.56%,33.06%,19.38%
"ECL","Consumer Goods",36272.22,14.20%,0.77,47.50%,11.50%,7.20%,3.57%,17.81%,15.39%
"ED","Utilities",22794.95,8.60%,0.99,74.70%,19.70%,9.50%,1.54%,7.25%,26.75%
"EFX","Financial",15991.87,19.30%,0.98,65.50%,26.20%,16.10%,6.90%,27.13%,37.98%
"EIX","Utilities",24026.20,7.70%,0.94,62.40%,15.70%,7.90%,2.24%,8.91%,31.53%
"EL","Consumer Goods",32530.27,30.80%,0.53,80.60%,14.30%,9.90%,-3.38%,-1.55%,14.58%
"EMC","Technology",56474.36,9.80%,0.25,61.30%,12.50%,8.50%,3.30%,9.50%,21.18%
"EMN","Basic Materials",10136.12,21.60%,1.39,26.50%,14.90%,9.60%,-6.63%,-1.30%,-1.31%
"EMR","Industrial Goods",33888.85,23.70%,0.51,40.20%,13.80%,9.00%,-0.19%,3.75%,18.34%
"ENDP","Healthcare",4506.67,-15.60%,1.31,30.50%,-31.70%,-25.90%,10.36%,-55.54%,-73.38%
"EOG","Basic Materials",48759.14,-40.40%,0.58,46.60%,,-72.00%,9.62%,18.30%,15.81%
"EQIX","Technology",26069.06,1.90%,1.36,50.60%,17.10%,2.10%,1.07%,26.00%,43.80%
"EQR","Financial",23545.64,39.10%,0.77,67.20%,37.00%,,2.30%,-8.55%,5.77%
"EQT","Basic Materials",12393.26,-6.40%,0.46,76.80%,1.00%,-18.50%,-3.01%,16.96%,-4.15%
"ES","Utilities",17278.02,8.30%,0.90,,23.70%,11.60%,-2.60%,-2.30%,21.05%
"ESRX","Healthcare",45794.50,16.70%,0.77,8.40%,4.50%,2.60%,-4.55%,2.39%,-13.50%
"ESS","Financial",14859.04,4.40%,0.92,69.90%,29.90%,21.70%,8.36%,2.69%,9.38%
"ETFC","Financial",7335.30,3.80%,0.24,93.60%,23.50%,15.10%,-2.65%,4.17%,3.40%
"ETN","Industrial Goods",30865.78,12.20%,0.50,31.90%,11.20%,9.30%,8.74%,16.51%,26.84%
"ETR","Utilities",14120.47,1.90%,1.35,86.80%,-2.50%,1.60%,1.90%,9.17%,31.39%
"EW","Healthcare",24666.78,21.80%,0.24,74.30%,24.40%,19.30%,14.19%,32.76%,68.45%
"EXC","Utilities",31480.68,5.40%,1.25,58.50%,10.60%,4.80%,-1.83%,2.27%,17.03%
"EXPD","Services",9264.29,25.10%,0.00,35.40%,11.40%,7.30%,3.72%,9.49%,6.18%
"EXPE","Services",16956.53,4.80%,0.76,80.90%,3.90%,2.50%,2.32%,7.04%,0.12%
"EXR","Financial",10189.93,11.60%,1.80,72.40%,37.90%,27.30%,-10.14%,-0.52%,15.19%
"F","Consumer Goods",49427.13,30.80%,3.05,14.60%,6.20%,5.80%,-4.12%,-6.19%,-3.60%
"FAST","Services",12515.97,27.80%,0.19,49.90%,20.70%,12.90%,-4.79%,-5.18%,18.48%
"FB","Technology",362318.32,13.10%,0.00,85.10%,39.60%,27.10%,6.50%,19.65%,43.52%
"FBHS","Consumer Goods",9823.66,16.40%,0.70,35.10%,12.00%,7.80%,10.93%,24.90%,31.77%
"FCX","Basic Materials",13747.45,-190.00%,4.63,-3.40%,-82.80%,-87.70%,-10.04%,6.29%,3.86%
"FDX","Services",43985.59,12.50%,1.00,71.30%,6.10%,3.60%,1.61%,14.55%,10.28%
"FE","Utilities",13948.50,-4.80%,1.61,71.70%,3.90%,-4.00%,-1.78%,-4.48%,9.78%
"FFIV","Technology",8185.41,28.60%,0.00,82.90%,27.00%,18.00%,12.59%,22.82%,2.19%
"FIS","Technology",26107.61,5.30%,1.07,31.90%,13.40%,5.70%,7.23%,34.94%,19.90%
"FISV","Services",23163.48,33.50%,1.72,45.40%,25.50%,16.90%,-2.15%,8.05%,21.71%
"FITB","Financial",15358.01,10.80%,1.05,,76.00%,38.70%,5.53%,19.82%,6.09%
"FL","Consumer Goods",8867.10,21.50%,0.05,33.90%,11.40%,7.30%,21.47%,6.83%,-5.32%
"FLIR","Technology",4236.46,11.50%,0.31,46.80%,18.20%,11.80%,-0.22%,-3.49%,11.15%
"FLR","Industrial Goods",7259.24,10.60%,0.49,5.60%,3.40%,1.80%,-1.41%,1.54%,19.03%
"FLS","Industrial Goods",6362.24,15.60%,0.89,33.00%,10.90%,6.10%,-4.14%,7.75%,14.37%
"FMC","Basic Materials",6362.97,-4.70%,1.00,33.00%,5.40%,-2.80%,-3.97%,17.35%,14.20%
"FOSL","Consumer Goods",1355.02,15.20%,0.75,53.00%,6.30%,4.50%,-0.92%,-44.75%,-53.93%
"FOXA","Services",45874.13,19.00%,1.41,37.30%,15.20%,10.10%,-16.61%,-12.01%,-7.62%
"FRT","Financial",11291.18,14.30%,1.39,68.40%,39.90%,32.60%,3.40%,8.18%,27.49%
"FSLR","Technology",3934.83,12.40%,0.03,29.30%,17.60%,17.50%,-23.87%,-44.81%,-20.94%
"FTI","Basic Materials",6252.03,6.20%,0.49,21.50%,5.20%,3.00%,0.14%,4.50%,-17.88%
"FTR","Technology",5325.72,-10.30%,3.34,63.90%,11.10%,-8.20%,-10.30%,-18.07%,-10.47%
"FTV","Technology",18187.63,,1.42,48.30%,,,,,
"GD","Industrial Goods",46658.26,27.60%,0.26,19.60%,13.40%,9.50%,10.22%,17.58%,9.60%
"GE","Industrial Goods",284081.92,11.90%,1.47,22.80%,9.50%,9.70%,4.67%,4.08%,31.80%
"GGP","Financial",25657.46,8.50%,1.70,69.90%,36.60%,28.20%,9.41%,3.32%,16.32%
"GILD","Healthcare",102168.36,100.80%,1.38,87.10%,63.00%,50.50%,-11.73%,-13.33%,-23.13%
"GIS","Consumer Goods",42443.40,34.70%,1.43,35.30%,16.30%,10.20%,12.32%,20.64%,26.83%
"GLW","Technology",24113.43,13.00%,0.23,38.90%,10.10%,24.40%,8.77%,17.84%,35.45%
"GM","Consumer Goods",49669.19,31.30%,1.24,13.20%,5.30%,7.90%,8.60%,4.39%,15.89%
"GOOG","Technology",525298.70,,,,,,7.66%,10.98%,27.25%
"GOOGL","Technology",536134.13,14.70%,0.02,62.10%,26.20%,22.00%,9.15%,11.79%,25.09%
"GPC","Services",15339.84,21.90%,0.08,29.80%,7.30%,4.60%,6.64%,10.18%,28.95%
"GPN","Services",11809.76,21.00%,1.59,60.40%,14.70%,9.40%,-1.06%,26.12%,37.60%
"GPS","Services",9769.88,27.90%,0.52,35.60%,8.20%,4.60%,26.94%,-17.21%,-24.85%
"GRMN","Technology",9228.38,15.10%,0.00,54.50%,19.90%,17.30%,15.32%,23.52%,37.96%
"GS","Financial",68325.03,6.30%,3.51,72.50%,20.70%,13.70%,8.14%,9.78%,-7.13%
"GT","Consumer Goods",7848.72,6.80%,1.37,26.80%,5.30%,1.80%,9.73%,-8.01%,1.03%
"GWW","Services",13814.90,30.60%,0.83,41.20%,12.10%,6.80%,1.27%,3.77%,6.68%
"HAL","Basic Materials",37208.41,-42.50%,1.25,7.70%,-36.50%,-30.50%,-3.09%,21.89%,15.88%
"HAR","Consumer Goods",6133.32,14.90%,0.54,30.30%,8.40%,5.20%,8.18%,7.26%,-10.46%
"HAS","Consumer Goods",10236.07,30.10%,0.96,61.70%,15.80%,10.40%,-3.25%,6.78%,10.54%
"HBAN","Financial",7959.59,10.00%,1.21,,85.70%,28.70%,-4.14%,6.14%,-3.94%
"HBI","Consumer Goods",10019.33,43.30%,3.30,37.50%,12.50%,8.60%,-2.83%,-9.38%,-10.28%
"HCA","Healthcare",28459.43,-31.20%,,83.40%,14.10%,5.90%,-2.75%,4.89%,-11.45%
"HCN","Financial",27355.82,4.90%,0.97,,29.40%,16.00%,11.08%,17.35%,28.18%
"HCP","Financial",18253.64,-0.70%,1.07,73.30%,14.20%,-2.50%,18.68%,24.17%,13.76%
"HD","Services",166910.24,110.50%,3.14,34.20%,13.80%,8.10%,5.15%,8.82%,18.27%
"HES","Basic Materials",16882.09,-14.80%,0.32,76.60%,-76.50%,-57.10%,-11.60%,8.72%,-5.76%
"HIG","Financial",15704.91,7.40%,0.25,,9.70%,7.30%,-7.28%,-5.64%,-8.75%
"HOG","Consumer Goods",9456.39,34.30%,2.63,40.20%,17.70%,11.70%,17.77%,14.03%,-2.00%
"HOLX","Healthcare",10669.58,12.70%,1.51,54.70%,17.30%,9.40%,11.66%,10.69%,0.21%
"HON","Industrial Goods",88840.49,27.00%,0.51,31.30%,17.20%,12.60%,1.25%,9.42%,20.68%
"HOT","Services",13122.92,8.00%,13.68,26.90%,13.00%,1.50%,2.99%,9.84%,10.93%
"HP","Basic Materials",6516.17,-0.10%,0.10,45.50%,2.70%,-0.30%,-5.98%,-2.18%,15.56%
"HPE","Technology",38312.25,6.40%,0.48,28.90%,2.40%,4.20%,17.51%,39.49%,
"HPQ","Technology",24803.84,94.10%,,18.90%,7.70%,6.90%,6.98%,29.30%,17.68%
"HRB","Services",4773.48,-188.80%,,46.80%,20.60%,11.60%,1.22%,-21.70%,-37.13%
"HRL","Consumer Goods",20246.11,19.80%,0.06,22.10%,13.50%,9.00%,13.53%,-10.79%,27.65%
"HRS","Technology",11626.93,9.80%,1.35,31.30%,10.50%,4.30%,15.77%,19.60%,26.86%
"HSIC","Services",13330.49,16.80%,0.24,28.10%,6.70%,4.40%,-7.03%,-1.69%,21.56%
"HST","Financial",13045.49,11.00%,0.52,,12.30%,14.30%,12.56%,6.10%,4.34%
"HSY","Consumer Goods",21220.41,86.40%,2.16,45.20%,16.60%,10.10%,7.02%,8.71%,12.86%
"HUM","Healthcare",26490.62,9.30%,0.35,,4.10%,1.80%,-6.21%,-3.44%,-2.02%
"IBM","Technology",152494.70,82.00%,2.52,48.90%,14.70%,14.90%,5.37%,15.93%,12.88%
"ICE","Financial",33881.98,9.80%,0.31,,50.20%,35.30%,8.24%,22.65%,26.31%
"IFF","Basic Materials",11013.57,25.90%,0.81,45.30%,19.90%,13.70%,8.36%,31.81%,29.46%
"ILMN","Healthcare",24711.52,22.10%,0.50,70.00%,24.60%,18.70%,13.75%,3.89%,-14.10%
"INTC","Technology",170622.33,16.80%,0.39,61.50%,22.00%,17.80%,14.75%,18.51%,28.10%
"INTU","Technology",28744.83,95.50%,0.42,84.00%,26.50%,20.90%,3.92%,13.39%,31.81%
"IP","Consumer Goods",20198.14,18.70%,2.19,28.60%,7.70%,3.60%,15.00%,28.77%,21.69%
"IPG","Services",9204.23,25.60%,0.79,,10.70%,6.40%,-2.35%,9.03%,23.28%
"IR","Industrial Goods",17762.98,24.10%,0.58,30.80%,11.60%,10.70%,4.50%,18.77%,30.41%
"IRM","Technology",10148.24,8.10%,2.75,56.60%,14.00%,2.50%,6.48%,27.51%,45.36%
"ISRG","Healthcare",26550.43,14.80%,0.00,68.40%,34.00%,26.80%,8.30%,20.20%,33.99%
"ITW","Industrial Goods",43191.39,38.20%,1.27,41.80%,22.20%,14.70%,13.03%,25.24%,48.96%
"IVZ","Financial",13186.97,10.60%,0.73,69.80%,25.40%,17.30%,3.81%,10.57%,-0.67%
"JBHT","Services",9085.25,33.50%,0.69,20.40%,11.50%,6.90%,-2.57%,0.89%,7.66%
"JCI","Consumer Goods",29310.71,6.40%,0.49,18.80%,5.10%,1.80%,3.14%,23.19%,16.90%
"JEC","Services",6318.07,4.80%,0.11,15.80%,2.70%,1.80%,0.56%,25.15%,29.52%
"JNJ","Healthcare",327581.13,20.90%,0.34,69.60%,25.50%,21.20%,3.75%,13.33%,32.50%
"JNPR","Technology",8926.94,13.70%,0.46,63.20%,18.20%,12.80%,0.82%,-6.26%,-5.87%
"JPM","Financial",242761.52,9.80%,1.31,,74.60%,41.00%,4.19%,14.31%,10.84%
"JWN","Services",8850.58,41.50%,2.96,35.50%,5.60%,2.90%,31.12%,-3.55%,-22.06%
"K","Consumer Goods",28847.00,28.10%,3.15,39.70%,9.00%,4.70%,11.30%,11.43%,25.75%
"KEY","Financial",13462.26,7.60%,1.03,,80.10%,30.10%,-1.54%,11.24%,-4.17%
"KHC","Consumer Goods",109055.37,2.80%,0.52,34.30%,18.20%,6.20%,6.15%,19.62%,28.89%
"KIM","Financial",12601.45,14.50%,0.98,74.60%,26.30%,62.80%,5.91%,11.76%,37.01%
"KLAC","Technology",11035.44,154.30%,4.44,61.10%,32.20%,23.60%,-2.76%,3.52%,48.28%
"KMB","Consumer Goods",46375.20,,35.56,36.10%,16.70%,10.70%,-0.33%,-1.41%,24.58%
"KMI","Basic Materials",48240.44,0.20%,1.14,57.40%,16.30%,0.60%,18.77%,18.19%,-26.56%
"KMX","Services",11623.47,20.60%,3.54,13.40%,6.50%,4.00%,15.68%,14.10%,-0.86%
"KO","Consumer Goods",188742.18,29.50%,1.10,60.30%,20.60%,17.60%,-3.03%,0.75%,15.08%
"KORS","Consumer Goods",8386.37,42.70%,0.00,59.10%,23.60%,17.20%,-0.77%,-14.31%,9.55%
"KR","Services",31005.00,32.80%,1.52,22.40%,3.30%,1.90%,-9.44%,-11.69%,-4.82%
"KSS","Services",8068.29,10.70%,0.86,35.90%,6.40%,3.00%,17.92%,-8.18%,-10.91%
"KSU","Services",10421.69,12.70%,0.57,65.40%,35.50%,21.10%,5.25%,11.51%,6.44%
"L","Financial",13926.07,0.10%,0.60,,2.20%,0.10%,3.71%,11.68%,14.86%
"LB","Services",21508.42,,,41.90%,17.40%,9.70%,6.20%,-12.15%,-12.28%
"LEG","Consumer Goods",6922.71,35.80%,0.98,24.50%,13.70%,10.00%,3.03%,12.11%,21.60%
"LEN","Industrial Goods",9735.23,15.00%,1.10,13.70%,12.60%,8.40%,1.73%,2.01%,-9.52%
"LH","Healthcare",14073.96,12.40%,1.12,33.00%,12.90%,6.60%,5.95%,23.14%,17.18%
"LKQ","Consumer Goods",10920.96,14.00%,0.99,38.90%,9.10%,5.60%,10.12%,17.58%,17.85%
"LLL","Industrial Goods",11535.53,-2.00%,0.62,10.10%,6.00%,-0.90%,6.39%,28.28%,44.00%
"LLTC","Technology",14061.86,29.60%,0.00,75.90%,44.50%,34.70%,25.43%,36.89%,51.41%
"LLY","Healthcare",85249.70,16.60%,0.59,73.70%,14.60%,12.00%,3.34%,6.07%,-3.31%
"LM","Financial",3633.29,,0.42,80.40%,,,0.62%,6.79%,-16.11%
"LMT","Industrial Goods",73791.66,123.00%,4.77,11.10%,11.20%,7.60%,2.33%,14.28%,22.00%
"LNC","Financial",11364.41,7.10%,0.34,,11.50%,7.70%,6.36%,23.47%,-0.51%
"LNT","Utilities",8673.67,10.50%,0.95,94.20%,18.20%,12.20%,0.55%,11.62%,42.83%
"LOW","Services",67734.03,37.00%,2.11,34.70%,8.80%,4.60%,-1.48%,9.61%,13.15%
"LRCX","Technology",15165.54,16.30%,0.61,44.50%,18.30%,15.50%,14.63%,26.20%,33.60%
"LUK","Financial",6807.79,-2.80%,0.82,24.60%,-4.80%,-3.00%,7.35%,20.99%,-7.81%
"LUV","Services",22694.36,33.10%,0.32,76.00%,21.80%,12.00%,-11.44%,-10.61%,-0.61%
"LVLT","Technology",17942.73,38.10%,1.04,49.20%,13.80%,43.70%,-5.22%,-1.59%,9.86%
"LYB","Basic Materials",32626.21,61.80%,1.35,21.60%,18.70%,13.90%,-2.20%,-4.36%,-0.77%
"M","Services",11336.42,19.20%,1.62,39.10%,6.00%,3.00%,8.11%,-16.26%,-35.97%
"MA","Financial",107162.14,64.50%,0.57,,51.10%,37.40%,1.51%,11.32%,7.65%
"MAC","Financial",11702.27,19.20%,1.16,62.50%,9.70%,78.50%,7.37%,5.77%,18.25%
"MAR","Services",18095.51,-24.50%,,14.70%,9.40%,5.90%,4.58%,2.50%,1.01%
"MAS","Industrial Goods",11732.65,-327.00%,,32.90%,14.30%,6.00%,12.64%,23.20%,35.12%
"MAT","Consumer Goods",11485.80,13.80%,0.77,48.20%,9.50%,6.10%,7.94%,5.70%,53.66%
"MCD","Services",100077.12,95.10%,40.64,39.80%,30.00%,18.80%,-4.32%,0.37%,24.37%
"MCHP","Technology",13520.35,3.60%,1.32,51.00%,7.00%,3.30%,21.84%,33.14%,55.96%
"MCK","Services",41364.46,24.80%,0.64,5.90%,1.90%,1.20%,-2.09%,12.57%,-5.55%
"MCO","Services",21163.76,-160.50%,,71.10%,40.50%,25.80%,8.73%,16.72%,10.08%
"MDLZ","Consumer Goods",68365.90,26.70%,0.49,39.10%,31.90%,28.00%,-1.66%,6.79%,3.87%
"MDT","Healthcare",121566.90,,0.59,68.30%,,,5.32%,16.04%,26.72%
"MET","Financial",47317.35,5.80%,0.25,,10.70%,6.20%,-2.52%,2.83%,-8.54%
"MHK","Consumer Goods",15776.01,16.60%,0.22,31.40%,13.10%,9.70%,8.50%,18.25%,6.78%
"MJN","Consumer Goods",15720.14,-137.80%,,64.00%,20.40%,13.20%,1.73%,12.26%,11.17%
"MKC","Consumer Goods",12847.60,25.20%,0.60,40.90%,13.90%,10.00%,4.87%,10.12%,29.54%
"MLM","Industrial Goods",11642.77,9.00%,0.38,22.70%,15.90%,9.90%,-1.12%,19.91%,11.02%
"MMC","Financial",35584.30,25.30%,0.68,43.00%,19.10%,12.50%,3.54%,19.61%,31.70%
"MMM","Industrial Goods",109733.59,41.20%,0.78,49.70%,23.40%,16.30%,6.97%,14.06%,31.00%
"MNK","Healthcare",8142.18,11.60%,1.21,55.90%,19.10%,17.70%,11.38%,11.55%,-12.52%
"MNST","Consumer Goods",29377.66,15.00%,0.00,62.20%,36.50%,22.70%,-0.33%,20.20%,13.43%
"MO","Consumer Goods",130683.51,193.40%,4.09,44.50%,33.80%,22.00%,3.46%,10.12%,29.65%
"MON","Basic Materials",46962.03,20.80%,1.56,51.70%,15.60%,7.80%,-0.68%,22.85%,13.42%
"MOS","Basic Materials",10215.34,5.70%,0.38,14.20%,8.20%,7.40%,3.98%,-1.85%,-24.74%
"MPC","Basic Materials",22160.44,14.90%,0.82,11.40%,5.10%,3.00%,20.96%,16.87%,-6.79%
"MRK","Healthcare",174328.64,11.60%,0.55,63.20%,18.10%,13.00%,11.06%,21.67%,23.76%
"MRO","Basic Materials",13135.52,-11.10%,0.38,59.70%,-61.10%,-47.30%,11.34%,41.49%,-6.56%
"MS","Financial",61005.89,6.10%,2.49,86.70%,20.40%,11.90%,19.59%,23.75%,-3.47%
"MSFT","Technology",448771.20,22.30%,0.57,61.60%,23.30%,19.70%,11.32%,14.51%,36.21%
"MSI","Technology",13399.60,-165.90%,,47.20%,16.40%,9.00%,14.04%,11.08%,22.47%
"MTB","Financial",18391.87,7.70%,0.68,,84.40%,30.30%,-1.62%,8.23%,1.66%
"MU","Technology",17278.82,3.00%,0.73,22.70%,4.90%,2.90%,30.78%,44.21%,0.66%
"MUR","Basic Materials",4544.21,-43.80%,0.47,67.60%,,,-13.95%,2.51%,-2.64%
"MYL","Healthcare",22423.57,8.00%,1.24,45.30%,15.70%,8.10%,-14.08%,-13.37%,-15.71%
"NAVI","Financial",4558.88,21.60%,32.52,47.60%,31.40%,19.70%,7.82%,30.07%,25.39%
"NBL","Basic Materials",14544.26,-27.40%,0.81,88.10%,-88.90%,-90.50%,-4.45%,5.31%,14.98%
"NDAQ","Financial",11852.78,8.60%,0.65,61.00%,24.60%,13.80%,10.59%,12.55%,42.67%
"NEE","Utilities",56799.87,11.30%,1.17,,28.50%,15.50%,1.13%,8.38%,32.33%
"NEM","Basic Materials",21516.12,0.40%,0.47,44.30%,14.70%,0.50%,14.45%,52.98%,151.42%
"NFLX","Services",41749.73,6.20%,0.98,30.90%,3.30%,1.80%,-3.34%,1.98%,-3.64%
"NFX","Basic Materials",8890.20,-218.60%,2.79,78.80%,,,12.42%,50.07%,35.49%
"NI","Utilities",7763.22,6.90%,1.54,69.90%,20.00%,6.20%,-0.59%,9.37%,50.87%
"NKE","Consumer Goods",98224.96,29.60%,0.16,46.20%,13.90%,11.60%,7.15%,-1.52%,5.81%
"NLSN","Technology",18828.47,13.70%,1.62,58.90%,17.90%,9.70%,-2.44%,2.75%,18.43%
"NOC","Industrial Goods",38404.52,36.40%,1.12,23.60%,12.80%,8.70%,-0.60%,15.19%,31.72%
"NOV","Basic Materials",12477.04,-10.20%,0.20,13.50%,-18.70%,-17.10%,-3.82%,-2.57%,-14.94%
"NRG","Utilities",3773.70,-148.40%,7.09,30.90%,-29.80%,-47.90%,-32.82%,-11.80%,-34.68%
"NSC","Services",27535.21,13.10%,0.78,41.40%,29.30%,15.80%,13.84%,19.70%,25.70%
"NTAP","Technology",9719.30,11.00%,0.53,60.90%,8.50%,5.90%,40.59%,31.75%,14.97%
"NTRS","Financial",15954.18,11.10%,0.37,96.60%,29.20%,18.80%,-3.11%,8.33%,3.90%
"NUE","Basic Materials",15694.99,6.20%,0.57,11.20%,6.60%,3.00%,-1.96%,11.32%,18.44%
"NVDA","Technology",33785.58,20.50%,0.02,57.00%,19.50%,16.60%,35.48%,94.21%,184.13%
"NWL","Consumer Goods",25662.71,7.70%,1.06,33.80%,4.00%,3.90%,11.86%,36.33%,29.83%
"NWSA","Services",8172.74,1.50%,0.03,,1.80%,2.10%,14.64%,23.25%,6.43%
"O","Financial",16998.25,4.40%,0.77,94.70%,26.30%,25.40%,6.86%,16.92%,56.32%
"OI","Consumer Goods",2924.73,49.50%,15.95,18.80%,5.30%,3.00%,-9.93%,20.00%,-11.86%
"OKE","Utilities",10186.48,86.90%,35.05,30.00%,12.60%,3.60%,8.46%,80.03%,45.93%
"OMC","Services",20401.38,46.70%,2.20,25.20%,12.80%,7.30%,5.85%,11.16%,33.25%
"ORCL","Technology",169691.78,19.10%,0.83,79.80%,34.00%,24.00%,4.97%,8.33%,13.53%
"ORLY","Services",26782.93,52.60%,1.12,52.30%,19.50%,12.00%,9.20%,7.85%,18.76%
"OXY","Basic Materials",59186.64,-31.00%,0.36,50.50%,,-73.50%,3.80%,12.46%,14.10%
"PAYX","Services",21989.14,40.70%,0.00,71.00%,38.80%,25.60%,12.15%,18.06%,41.29%
"PBCT","Financial",5035.52,5.70%,0.22,,83.30%,24.50%,3.93%,6.78%,12.19%
"PBI","Consumer Goods",3513.29,220.50%,33.51,56.40%,15.80%,8.20%,0.07%,-3.82%,-0.68%
"PCAR","Consumer Goods",20873.89,9.70%,1.26,19.90%,7.30%,3.70%,6.63%,11.29%,6.92%
"PCG","Utilities",31153.18,4.50%,0.99,67.40%,7.40%,4.50%,2.51%,12.15%,33.38%
"PCLN","Services",70118.05,29.80%,0.78,94.60%,34.30%,27.10%,5.47%,10.18%,14.71%
"PDCO","Services",4565.68,14.10%,0.72,24.20%,6.30%,3.50%,-4.21%,6.01%,6.69%
"PEG","Utilities",21547.16,10.70%,0.77,,26.00%,14.80%,-4.25%,-1.89%,13.48%
"PEP","Consumer Goods",155656.41,42.00%,2.49,55.40%,13.30%,8.30%,5.78%,10.27%,20.48%
"PFE","Healthcare",210984.36,10.90%,0.49,77.80%,17.60%,13.40%,0.37%,18.74%,12.94%
"PFG","Financial",14057.73,12.60%,0.31,,12.50%,10.20%,13.81%,26.30%,4.19%
"PG","Consumer Goods",235733.90,17.40%,0.34,50.70%,20.60%,15.70%,7.40%,7.85%,30.43%
"PGR","Financial",18923.84,14.00%,0.34,,8.00%,4.80%,-0.92%,-2.58%,12.03%
"PH","Industrial Goods",16451.53,16.80%,0.58,23.00%,9.80%,7.10%,6.78%,15.21%,20.04%
"PHM","Industrial Goods",7250.37,11.30%,0.54,23.20%,12.70%,7.80%,12.20%,17.61%,2.52%
"PKI","Healthcare",5826.61,11.30%,0.51,46.10%,13.20%,10.30%,-2.03%,9.69%,12.12%
"PLD","Financial",28330.97,6.10%,0.76,72.10%,16.90%,36.40%,12.67%,32.18%,48.41%
"PM","Consumer Goods",157845.26,-49.80%,,64.60%,38.70%,24.90%,2.47%,10.63%,33.99%
"PNC","Financial",44998.38,8.30%,0.77,,82.50%,39.30%,1.36%,5.47%,3.61%
"PNR","Industrial Goods",11581.22,-2.10%,1.09,33.90%,2.70%,-1.30%,6.01%,24.81%,20.99%
"PNW","Utilities",8471.76,9.20%,0.85,,23.70%,12.00%,1.89%,11.81%,35.36%
"PPG","Basic Materials",28601.09,28.40%,0.83,44.80%,14.30%,9.60%,-0.62%,4.33%,15.60%
"PPL","Utilities",23720.39,17.50%,1.84,90.10%,38.20%,23.50%,-9.81%,-0.86%,21.03%
"PRGO","Healthcare",13074.35,-1.30%,0.57,39.00%,0.50%,-2.40%,-8.43%,-29.48%,-48.74%
"PRU","Financial",35063.04,9.60%,0.34,,10.50%,8.00%,3.82%,12.23%,4.39%
"PSA","Financial",39207.45,21.60%,0.18,73.80%,53.30%,44.40%,-11.23%,-8.20%,14.14%
"PSX","Basic Materials",41662.84,13.50%,0.32,29.20%,5.30%,3.50%,-1.55%,-8.30%,3.55%
"PVH","Consumer Goods",8746.68,14.50%,0.70,51.90%,10.70%,8.30%,12.20%,26.00%,-7.68%
"PWR","Industrial Goods",3888.42,7.90%,0.13,11.70%,2.10%,3.40%,9.36%,18.86%,9.55%
"PX","Basic Materials",35250.27,33.80%,1.79,44.90%,22.60%,15.10%,10.56%,14.45%,22.32%
"PXD","Basic Materials",30567.51,-5.50%,0.26,36.50%,-61.00%,-15.50%,14.18%,40.66%,54.32%
"PYPL","Financial",44450.64,10.00%,0.00,48.30%,15.20%,13.50%,-2.70%,-4.90%,4.98%
"QCOM","Technology",93532.47,17.00%,0.33,60.40%,24.80%,22.60%,16.39%,21.02%,18.36%
"QRVO","Technology",7386.05,-0.70%,0.20,39.70%,0.70%,-1.40%,5.09%,17.41%,1.82%
"R","Services",3526.62,14.70%,2.24,55.60%,7.70%,4.40%,-3.49%,7.32%,-15.86%
"RAI","Consumer Goods",71010.10,26.70%,0.62,57.90%,76.70%,43.00%,0.12%,-0.41%,24.12%
"RCL","Services",15652.14,9.50%,1.12,39.50%,11.30%,9.10%,-8.11%,-4.45%,-20.19%
"REGN","Healthcare",41421.25,20.10%,0.09,91.40%,26.70%,16.00%,-3.78%,-4.81%,-23.57%
"RF","Financial",12561.45,6.30%,0.25,,81.80%,27.40%,0.46%,20.18%,8.15%
"RHI","Services",4973.82,35.40%,0.00,41.40%,11.10%,6.90%,-5.30%,-6.74%,-23.88%
"RHT","Technology",13361.14,15.70%,0.54,84.90%,13.70%,9.90%,-5.61%,10.19%,5.84%
"RIG","Basic Materials",3489.53,8.70%,0.48,50.60%,30.70%,21.90%,-13.79%,-24.23%,-28.03%
"RL","Consumer Goods",8516.48,8.30%,0.24,56.10%,6.20%,4.20%,7.78%,5.74%,-5.09%
"ROK","Industrial Goods",15196.98,33.70%,0.72,41.80%,16.60%,12.50%,-0.94%,8.92%,11.38%
"ROP","Industrial Goods",18313.36,12.70%,0.56,61.20%,28.00%,18.50%,5.01%,5.39%,15.51%
"ROST","Services",24921.37,42.00%,0.15,28.30%,13.70%,8.60%,20.11%,9.81%,30.60%
"RRC","Basic Materials",6763.59,-34.20%,1.04,73.80%,,-87.70%,-10.10%,20.05%,5.88%
"RSG","Industrial Goods",17565.95,9.30%,0.98,39.20%,16.50%,7.80%,4.81%,10.23%,28.68%
"RTN","Industrial Goods",41301.92,21.20%,0.52,24.70%,13.00%,9.00%,5.31%,15.70%,37.18%
"SBUX","Services",82584.04,47.20%,0.56,31.20%,18.80%,13.00%,1.41%,-2.46%,4.12%
"SCG","Utilities",10005.92,9.60%,1.16,72.60%,25.80%,12.90%,1.76%,10.70%,43.46%
"SCHW","Financial",40986.84,12.60%,0.22,97.90%,37.10%,21.90%,5.18%,14.14%,6.06%
"SE","Basic Materials",24966.28,4.10%,1.79,87.20%,27.20%,5.90%,11.32%,20.25%,34.79%
"SEE","Consumer Goods",9506.16,66.00%,7.26,37.00%,10.30%,5.10%,6.48%,6.29%,-3.68%
"SHW","Basic Materials",26308.59,108.80%,1.53,50.20%,14.80%,9.60%,-2.12%,4.27%,13.24%
"SIG","Services",6322.20,17.40%,0.46,37.30%,11.60%,7.90%,-4.80%,-26.51%,-39.70%
"SJM","Consumer Goods",16375.15,10.00%,0.71,38.70%,15.30%,9.40%,7.76%,12.69%,23.62%
"SLB","Basic Materials",109808.98,-4.50%,0.43,17.00%,-4.90%,-5.60%,-0.05%,4.47%,5.78%
"SLG","Financial",11692.65,6.00%,1.13,69.60%,18.20%,21.80%,17.12%,26.32%,16.28%
"SNA","Industrial Goods",8898.07,20.90%,0.28,53.00%,22.30%,14.20%,-2.96%,0.65%,-0.84%
"SNI","Services",8204.71,45.40%,1.53,65.30%,36.20%,22.90%,-2.65%,-0.89%,19.68%
"SO","Utilities",50090.08,11.10%,1.61,71.10%,25.00%,13.40%,4.44%,9.18%,27.26%
"SPG","Financial",67880.31,38.70%,5.01,81.90%,49.40%,32.70%,9.91%,10.24%,25.86%
"SPGI","Services",33176.24,324.40%,9.23,67.60%,36.20%,21.30%,14.10%,34.08%,35.66%
"SPLS","Services",5535.07,-8.50%,0.22,26.00%,-1.40%,-2.10%,-3.26%,-8.67%,-34.90%
"SRCL","Industrial Goods",7259.62,8.10%,1.07,42.40%,14.60%,6.70%,-15.31%,-26.64%,-40.78%
"SRE","Utilities",26085.01,8.10%,1.12,96.70%,12.00%,9.60%,-3.69%,8.61%,14.99%
"STI","Financial",21708.43,8.30%,0.53,,84.90%,34.20%,0.61%,21.06%,14.53%
"STJ","Healthcare",22264.24,16.10%,1.27,67.10%,16.10%,11.40%,1.05%,42.90%,13.89%
"STT","Financial",27347.93,10.60%,0.63,,82.20%,80.40%,13.67%,22.25%,1.12%
"STX","Technology",10066.10,14.10%,2.59,23.40%,4.00%,2.20%,41.98%,-1.29%,-26.68%
"STZ","Consumer Goods",33084.37,17.50%,0.98,46.40%,27.80%,16.70%,7.94%,21.00%,30.68%
"SWK","Industrial Goods",18587.59,16.70%,0.66,36.80%,12.40%,8.50%,9.37%,26.09%,27.25%
"SWKS","Technology",14079.30,28.50%,0.00,50.30%,33.70%,29.30%,13.35%,3.18%,-11.14%
"SWN","Basic Materials",6804.81,-269.10%,10.06,68.30%,,,-8.95%,62.17%,-9.60%
"SYF","Financial",23185.20,17.00%,1.41,,66.60%,15.70%,-9.99%,-2.07%,-13.23%
"SYK","Healthcare",43130.36,18.40%,0.74,66.70%,19.50%,15.30%,2.16%,13.19%,21.32%
"SYMC","Technology",14866.40,,0.69,82.90%,,,41.79%,43.16%,54.64%
"SYY","Services",29935.58,22.80%,2.11,17.90%,3.70%,1.90%,9.83%,19.62%,37.24%
"T","Technology",251985.83,11.60%,0.95,54.20%,16.70%,8.80%,5.26%,9.94%,30.51%
"TAP","Consumer Goods",22003.94,4.50%,0.27,39.90%,16.90%,10.90%,1.62%,17.60%,58.34%
"TDC","Technology",4103.69,5.40%,0.64,50.70%,3.30%,1.90%,10.82%,15.54%,11.56%
"TDG","Industrial Goods",15309.03,-56.50%,,54.40%,39.70%,17.20%,8.69%,29.80%,25.66%
"TEL","Technology",22719.48,30.90%,0.45,32.80%,15.10%,22.00%,4.43%,5.02%,7.61%
"TGNA","Services",4473.26,19.30%,1.98,70.80%,32.20%,13.60%,-9.54%,-16.22%,-10.26%
"TGT","Services",41225.58,26.10%,1.04,29.70%,7.80%,4.60%,3.73%,-11.01%,-5.63%
"TIF","Services",8788.73,15.40%,0.27,61.70%,18.30%,11.30%,12.04%,0.41%,-11.86%
"TJX","Services",51041.20,52.70%,0.36,28.90%,11.70%,7.20%,2.54%,3.74%,10.10%
"TMK","Financial",7741.92,12.30%,0.23,,23.80%,14.80%,7.15%,21.82%,13.93%
"TMO","Healthcare",59549.80,,0.55,45.60%,,,-1.21%,7.03%,23.69%
"TRIP","Technology",8931.53,9.70%,0.06,95.60%,11.80%,9.40%,-14.36%,-6.56%,-11.90%
"TROW","Financial",17088.22,22.10%,0.00,,38.80%,25.40%,-8.67%,-3.10%,1.41%
"TRV","Financial",34117.77,13.00%,0.26,,17.40%,11.60%,4.56%,8.87%,22.38%
"TSCO","Services",11360.95,30.30%,0.14,34.40%,10.40%,6.60%,-10.50%,-0.34%,2.33%
"TSN","Consumer Goods",27735.49,16.80%,0.62,12.00%,7.30%,4.30%,25.81%,16.86%,80.78%
"TSO","Basic Materials",8908.73,24.40%,0.81,25.20%,9.30%,5.10%,-6.28%,-11.73%,-17.73%
"TSS","Financial",9165.99,18.90%,1.81,31.70%,17.10%,10.90%,-4.75%,13.91%,12.39%
"TWX","Services",61606.78,17.00%,1.02,43.60%,25.30%,14.50%,3.84%,14.08%,13.50%
"TXN","Technology",69923.88,30.60%,0.30,59.60%,34.00%,23.60%,14.30%,27.05%,50.65%
"TXT","Industrial Goods",11097.79,14.70%,0.70,17.80%,8.60%,5.30%,2.49%,25.05%,6.20%
"TYC","Services",19421.34,12.70%,0.50,37.00%,8.20%,5.50%,1.50%,21.71%,23.77%
"UA","Consumer Goods",16422.70,13.80%,0.47,47.60%,9.10%,5.20%,4.75%,-7.31%,-19.36%
"UAL","Services",16910.79,78.90%,1.29,34.10%,12.70%,17.70%,14.73%,-11.32%,-10.76%
"UDR","Financial",9638.03,7.10%,1.19,67.40%,16.60%,21.90%,9.30%,2.72%,17.65%
"UHS","Healthcare",11575.13,16.50%,0.81,,13.70%,7.40%,-11.80%,5.68%,-10.43%
"ULTA","Services",15312.56,26.10%,0.00,35.90%,13.20%,8.30%,4.11%,49.70%,55.07%
"UNH","Healthcare",129278.14,17.80%,0.74,,6.60%,3.50%,-0.66%,13.17%,21.93%
"UNM","Financial",8390.75,9.90%,0.33,,13.00%,8.00%,-1.90%,13.90%,10.23%
"UNP","Services",79368.24,21.30%,0.72,80.90%,36.70%,21.50%,10.34%,18.45%,14.09%
"UPS","Services",96147.69,210.40%,4.40,82.10%,13.30%,8.40%,7.04%,9.79%,16.66%
"URBN","Services",4191.21,18.80%,0.06,35.10%,10.10%,6.40%,26.40%,28.20%,15.59%
"URI","Services",7220.27,40.80%,4.84,41.80%,24.90%,10.50%,11.25%,36.94%,20.83%
"USB","Financial",75358.60,13.60%,0.88,,78.60%,43.90%,3.67%,9.72%,9.26%
"UTX","Industrial Goods",89316.49,25.00%,0.69,27.70%,12.40%,12.80%,6.14%,11.74%,19.47%
"V","Financial",191934.12,18.30%,0.48,,52.40%,38.60%,1.99%,14.38%,17.33%
"VAR","Healthcare",9153.17,22.80%,0.18,41.40%,16.30%,12.30%,14.60%,20.97%,19.39%
"VFC","Consumer Goods",25531.36,21.40%,0.30,48.10%,12.90%,8.90%,-3.03%,-8.33%,-14.79%
"VIAB","Services",16005.09,54.40%,2.69,48.20%,24.80%,15.80%,-11.33%,1.57%,-3.95%
"VLO","Basic Materials",25605.61,14.40%,0.32,15.50%,6.30%,3.90%,0.95%,-11.39%,-4.05%
"VMC","Industrial Goods",15273.81,8.00%,0.44,27.80%,18.40%,9.90%,-1.47%,11.50%,18.26%
"VNO","Financial",19439.84,10.00%,2.08,59.60%,23.30%,21.30%,9.01%,14.37%,21.98%
"VRSK","Services",14075.06,44.20%,1.57,63.10%,37.50%,28.50%,4.93%,10.11%,13.57%
"VRSN","Technology",8539.45,-38.20%,,82.30%,59.30%,37.50%,-6.84%,-10.19%,15.81%
"VRTX","Healthcare",23476.95,-28.90%,0.59,88.00%,-8.70%,-17.70%,-1.02%,4.57%,-24.83%
"VTR","Financial",25413.08,4.50%,1.10,57.60%,24.10%,13.00%,9.94%,29.69%,41.83%
"VZ","Technology",215697.52,85.60%,4.83,59.40%,22.90%,11.10%,5.33%,3.39%,21.07%
"WAT","Healthcare",12577.98,23.70%,0.76,58.70%,27.70%,23.30%,12.55%,22.01%,27.33%
"WBA","Services",88252.48,10.40%,0.43,25.80%,4.90%,2.70%,5.00%,4.83%,-5.13%
"WDC","Technology",13167.10,2.40%,1.23,26.40%,3.60%,1.90%,-1.07%,-4.12%,-40.39%
"WEC","Utilities",19112.74,10.20%,1.01,64.30%,22.40%,12.10%,-0.11%,8.16%,33.28%
"WFC","Financial",256131.79,12.10%,1.38,,83.50%,40.80%,0.92%,2.55%,-0.63%
"WFM","Services",9742.79,14.10%,0.33,34.50%,5.00%,3.00%,-11.45%,-7.61%,-3.24%
"WHR","Consumer Goods",13401.89,18.40%,0.76,18.00%,6.60%,4.30%,2.35%,13.10%,10.15%
"WLTW","Financial",17235.92,6.00%,0.30,,8.20%,6.70%,-0.48%,9.09%,
"WM","Industrial Goods",28571.40,21.90%,1.71,45.50%,16.80%,8.70%,4.08%,13.76%,31.73%
"WMB","Basic Materials",21318.43,-20.40%,5.05,78.60%,-29.00%,-17.00%,25.15%,59.19%,-33.46%
"WMT","Services",225312.60,18.90%,0.56,25.50%,4.90%,3.00%,2.74%,9.11%,15.16%
"WRK","Consumer Goods",12200.13,-7.00%,0.56,19.40%,1.20%,-5.30%,21.69%,36.41%,-14.17%
"WU","Financial",10595.38,63.00%,2.46,40.80%,20.30%,15.30%,11.19%,12.59%,21.04%
"WY","Industrial Goods",23862.02,6.30%,0.99,21.70%,13.40%,7.00%,3.31%,16.43%,19.23%
"WYN","Services",7772.76,65.10%,6.63,50.70%,17.60%,10.40%,4.82%,-5.27%,-6.01%
"WYNN","Services",9483.73,-297.30%,,38.50%,15.10%,8.20%,-5.92%,11.14%,28.12%
"XEC","Basic Materials",12787.72,-66.10%,0.64,58.70%,,,14.87%,41.51%,25.29%
"XEL","Utilities",21227.47,10.10%,1.22,93.10%,19.90%,9.90%,-0.01%,5.84%,29.78%
"XL","Financial",10145.92,10.00%,0.23,,10.60%,11.50%,4.24%,-0.02%,-4.15%
"XLNX","Technology",13772.99,21.70%,0.38,69.60%,30.30%,25.30%,16.94%,17.22%,35.84%
"XOM","Basic Materials",365240.75,6.20%,0.17,28.40%,2.70%,4.60%,-1.31%,5.26%,22.64%
"XRAY","Healthcare",14364.99,7.00%,0.14,54.30%,12.40%,12.00%,-1.55%,1.40%,20.03%
"XRX","Technology",10001.26,4.40%,0.58,29.60%,2.70%,2.30%,-3.14%,-3.55%,1.67%
"XYL","Industrial Goods",9119.77,16.00%,0.53,39.20%,12.20%,9.20%,11.79%,32.97%,59.74%
"YHOO","Technology",40860.21,-17.20%,0.04,51.80%,,,16.75%,27.44%,33.01%
"YUM","Services",37416.60,227.90%,,54.60%,16.10%,11.00%,10.29%,18.21%,16.55%
"ZBH","Healthcare",25671.66,2.30%,1.10,67.20%,10.30%,3.00%,6.68%,29.08%,27.87%
"ZION","Financial",6270.19,5.10%,0.10,,88.50%,18.10%,6.61%,27.36%,9.68%
"ZTS","Healthcare",25440.34,53.00%,3.29,64.90%,20.70%,13.20%,6.11%,24.94%,16.07%
